{
  "join": 7.781149972406181,
  "open": 7.117472061258282,
  "len": 5.991337265452554,
  "range": 5.452279939293598,
  "str": 4.52127483443709,
  "decode": 3.7468870722958045,
  "getattr": 3.538898661699779,
  "encode": 3.373992825607057,
  "map": 3.2467577262693155,
  "exists": 3.0314483305739475,
  "os.getenv": 3.0099251517660046,
  "isinstance": 2.968294701986751,
  "replace": 2.7618049806843237,
  "b64decode": 2.6355460126931565,
  "f.write": 2.6061758416114755,
  "super": 2.569805463576156,
  "split": 2.5606719094922736,
  "re.findall": 2.5570415976821192,
  "ValueError": 2.5287165424944784,
  "requests.post": 2.4684137003311255,
  "int": 2.465758780747397,
  "copyright.__str__": 2.4213576158940397,
  "oct.__str__": 2.374793046357616,
  "hex.__str__": 2.374793046357616,
  "format": 2.345333195364238,
  "__init__": 2.329480546357617,
  "isfile": 2.316414873068432,
  "os.listdir": 2.295064155629143,
  "threading.Thread": 2.2648058084988927,
  "append": 2.2004690949227372,
  "read": 2.062560361479029,
  "CryptUnprotectData": 2.060249379139076,
  "subprocess.Popen": 2.0506398316777035,
  "os.remove": 2.047332022626935,
  "list": 2.0209023178807954,
  "print": 1.9864014210816767,
  "cursor.fetchall": 1.9184516418322302,
  "cursor.execute": 1.9120705711920538,
  "loads": 1.9079228752759416,
  "requests.get": 1.8921961230684328,
  "conn.close": 1.824046288631347,
  "conn.cursor": 1.8085420115894044,
  "upload": 1.7917615204194264,
  "cursor.close": 1.789148730684327,
  "readlines": 1.7757743515452553,
  "shutil.copy2": 1.770617756622517,
  "time.sleep": 1.740600855408389,
  "x.strip": 1.7086868791390744,
  "f.read": 1.6904008002207527,
  "lower": 1.6850941639072854,
  "urlopen": 1.623568570640177,
  "Trust": 1.6101683222958028,
  "base64.b64decode": 1.5877655905077261,
  "LoadUrlib": 1.5686999862030928,
  "uploadToAnonfiles": 1.5240928532008835,
  "get": 1.5153145695364243,
  "Request": 1.497982201986755,
  "DecryptValue": 1.3989203918322293,
  "thread.join": 1.3933257450331105,
  "a.start": 1.3924185982339985,
  "writeforfile": 1.361065121412802,
  "dict": 1.358221233443709,
  "socket.inet_aton": 1.2816570088300197,
  "self._receive": 1.2663941777041918,
  "set": 1.2647799392935988,
  "Reformat": 1.2462144729580558,
  "InvalidServerReply": 1.2459057671081653,
  "RuntimeError": 1.2225613962472408,
  "os.stat": 1.2225131070640178,
  "struct.unpack": 1.2092318570640173,
  "socket.inet_ntop": 1.1996343818984525,
  "items": 1.195514279801323,
  "self._send": 1.1673496136865322,
  "dumps": 1.1607253725165563,
  "socket.inet_pton": 1.1460851269315662,
  "self.close": 1.1395315949227365,
  "json": 1.0911458333333333,
  "sock.connect": 1.0804980684326688,
  "isdir": 1.0799185982339956,
  "json.loads": 1.0773661699779253,
  "parse_proxy_url": 1.0579659906181,
  "rstrip": 1.0521781870860925,
  "URL": 1.0227838714128021,
  "setup": 1.0060016556291391,
  "host.encode": 0.9898437499999981,
  "self._resolve_addr": 0.9898006346578375,
  "req.append": 0.9795564293598245,
  "sock_recv": 0.9793753449227355,
  "sql_connect": 0.9777611065121408,
  "hasattr": 0.9685689155629141,
  "tuple": 0.9573934188741722,
  "enumerate": 0.9531077538631347,
  "strip": 0.951659078366446,
  "any": 0.9502724889624727,
  "func": 0.9338524420529799,
  "os.walk": 0.9264366032008828,
  "sock_sendall": 0.9180911975717455,
  "bool": 0.913536492825607,
  "asyncio.get_event_loop": 0.9003966611479011,
  "Threadlist.append": 0.8887313741721847,
  "create_socket_wrapper": 0.8877466197571734,
  "socket.inet_ntoa": 0.8873672047461361,
  "self._socks_connect": 0.8803480270419421,
  "getenv": 0.8755691225165563,
  "sqlite3.connect": 0.8741032008830021,
  "checkToken": 0.8673772075055188,
  "ProxyError": 0.866792563465783,
  "os.makedirs": 0.862703504415011,
  "json_loads": 0.8469836506622507,
  "type": 0.8444484685430462,
  "file.endswith": 0.8263520971302422,
  "setattr": 0.8163803807947022,
  "SocksError": 0.8086385899558496,
  "httpx.get": 0.8018246412803531,
  "dirname": 0.7999189431567327,
  "uploadToken": 0.7906318984547454,
  "ntpath.join": 0.7874586092715232,
  "AES.new": 0.7829918598233995,
  "iter": 0.7804653007726268,
  "cipher.decrypt": 0.7797495860927153,
  "InvalidServerVersion": 0.7779059740618098,
  "struct.pack": 0.7749913769315675,
  "start": 0.7731356926048564,
  "TypeError": 0.7569933084988961,
  "startswith": 0.752880104856512,
  "sorted": 0.7144643349889623,
  "os.system": 0.7072209575055186,
  "KiwiFiles.append": 0.7066811534216326,
  "connect": 0.7017625551876372,
  "subprocess.check_output": 0.6971837058498892,
  "copy2": 0.6967956677704193,
  "ntpath.abspath": 0.6895177980132451,
  "gettempdir": 0.6872758002207505,
  "zip": 0.6868101545253862,
  "ntpath.exists": 0.6857408940397351,
  "httpx.post": 0.6643470612582781,
  "is_http": 0.6560748285241228,
  "pyperclip.paste": 0.6536630794701986,
  "self.fetch_conf": 0.6498861754966887,
  "f.close": 0.6497482064017656,
  "subproc": 0.6481874310154525,
  "fetchall": 0.6399437775938186,
  "j.get": 0.6303721716335541,
  "r.json": 0.6230425634657837,
  "psutil.process_iter": 0.6168943156732888,
  "self.sys_1fo": 0.5958195364238411,
  "self.net_1fo": 0.5942156456953642,
  "re.match": 0.588946950883002,
  "self.gtmk3y": 0.5832471026490066,
  "OtherZip.append": 0.580272144039735,
  "zipfile.ZipFile": 0.5796426600441499,
  "pyperclip.copy": 0.5785906456953641,
  "self.programExit": 0.577055739514349,
  "choice": 0.5770384933774833,
  "re.compile": 0.573589266004415,
  "self.dcrpt_val": 0.5705711920529801,
  "proc.name": 0.5660182119205299,
  "line.split": 0.5639055601545253,
  "float": 0.5601579746136863,
  "zf.close": 0.545134864790287,
  "ZipFile": 0.5303376793598235,
  "zf.write": 0.5283612720750553,
  "process.start": 0.5258174668874173,
  "__config__.get": 0.5240756070640176,
  "globalInfo": 0.5166338990066226,
  "NotImplementedError": 0.5145040011037527
}